{
  "header": {
    "horaire": "Horaire d’ouverture : De 08h30 à 18h"
  },
  "navbar": [
    {
      "title": "SOINS",
      "slug": "soins",
      "souscategorie": [
        { "title": "MÉDECINE GÉNÉRALE", "slug": "medecine-generale" },
        { "title": "SOINS INFIRMIERS ", "slug": "soins-infirmiers" },
        { "title": "PRÉLÈVEMENTS", "slug": "prelevements" },
        { "title": "KINÉSITHÉRAPIE ", "slug": "kinesitherapie" },
        { "title": "PSYCHOTHÉRAPIE ", "slug": "psychotherapie" },
        {
          "title": "NUTRITION ET DIÉTÉTIQUE",
          "slug": "nutrition-et-dietetique"
        },
        { "title": "LOGOPÉDIE", "slug": "logopedie" },
        { "title": "AUTRES SPÉCIALITÉS ", "slug": "autres-specialites" }
      ]
    },
    {
      "title": "INFORMATIONS",
      "slug": "informations",
      "souscategorie": [
        { "title": "A PROPOS DE NOUS", "slug": "#a-propos-de-nous" },
        { "title": "HORAIRES", "slug": "#horaires" },
        { "title": "PAIMENT", "slug": "#paiment" },
        { "title": "ÉQUIPE", "slug": "#equipe" },
        { "title": "CPAS", "slug": "#cpas" },
        { "title": "FAQ", "slug": "#faq" },
        { "title": "LIENS UTILES", "slug": "#liens-utiles" }
      ]
    }
  ],
  "nav-content": {
    "accueil": "ACCUEIL",
    "btn-rdv": "PRENDRE RDV"
  },
  "modal": {
    "rdv-title": "DEMANDE DE RENDEZ-VOUS",
    "tel-title": "NUMERO DE CONTACT",
    "tel-btn": "APPELEZ",

    "medecins": "Médecins",
    "form-title": "FORMULAIRE DE CONTACT",
    "form-nom": "Nom",
    "form-prenom": "Prénom",
    "form-tel": "Numéro de téléphone",
    "form-medecin": "Médecins",
    "form-email": "Email",
    "form-date": "Date/Heure voulue",
    "form-message": "Notes supplémentaires (facultatif)",
    "form-btn": "ENVOYER"
  },
  "modal-validation": {
    "nom": "Nom est requis",
    "prenom": "Prénom est requis",
    "date": "",
    "email-valid": "Email invalide",
    "email": "L'email est requis",
    "message": "Le message est requis",
    "phone": "le numéro de télèphone est requis",
    "medecins": "Il faut choisir un medecin"
  },
  "Slider": {
    "title": "Maison Médicale",
    "soustitle": "SAINT-GUIDON",
    "content": "La MMSG est une maison médicale mettant à votre disposition une équipe pluridisciplinaire pour répondre au mieux à vos besoins de santé.",
    "title-rdv": "PRENDRE RENDEZ-VOUS",
    "p-rdv": "Prenez rendez-vous par téléphone au +32 2 527 97 90 ou remplissez le formulaire sur notre site internet.",
    "btn-rdv": "PRENDRE RDV",
    "title-press": "PRESCRIPTION",
    "p-press": "Demandez une prescription à votre médecin rendez-vous. Ce service est pour les patients qui ont un traitement chronique uniquement.",
    "btn-press": "PRESCRIPTION"
  },
  "equipe": {
    "title": "Notre",
    "soustitle": "équipe soignante est là pour vous"
  },
  "soins-content": {
    "title": "NOS",
    "soustitle": "SOINS",
    "desc": "Nous sommes là pour vos soins.",
    "soins-title": "Nos",
    "soins-soustitle": "Services De Médecine",
    "soins-desc": "La Maison Médicale Saint-Guidon est composée d’une équipe de médecins généralistes, d’infirmiers et de kinésithérapeutes. Chacun s’assure de vous fournir un service de soin de qualité pour veiller à votre bonne santé. ",
    "btn": "En savoir plus",
    "btn-soins": "VOIR TOUS LES SOINS"
  },
  "infos-content": {
    "title": "NOS",
    "soustitle": "INFORMATIONS",
    "btn": "PLUS D'INFORMATIONS"
  },
  "blog-content": {
    "title": "NOS",
    "soustitle": "POSTS",
    "btn": "VOIR TOUS LES POST DU BLOG"
  },




















  "soins": [
    {
      "title": "Médecine Générale",
      "content": "La médecine générale est une spécialité médicale qui assure le suivi des patients et leurs soins médicaux généraux primaires. Le médecin généraliste (appelé aussi médecin de famille) est le plus souvent consulté pNOS diagnostiquer une maladie avant de la traiter ou de rediriger le patient vers un autre spécialiste.",
      "img": "/general-1.jpg",
      "slug": "medecine-generale"
    },
    {
      "title": "Soins Infirmiers",
      "content": "Les soins infirmiers sont les soins accordés aux individus de tous âges, malades ou bien-portants. Ils se concentrent sur la promotion de la santé, la prévention de la maladie et les soins dispensés aux malades. Ils englobent aussi d’autres domaines comme la recherche, l’éducation à la santé et la gestion des systèmes de santé des patients. ",
      "img": "/nursing-1.webp",
      "slug": "soins-infirmiers"
    },
    {
      "title": "Prélèvements",
      "content": "Notre centre de prélèvements permet de faire toutes sortes de prélèvements.",
      "img": "/prelevement.webp",
      "slug": "prelevements"
    },
    {
      "title": "Kinésithérapie",
      "content": "La kinésithérapie est une discipline paramédicale qui utilise les massages, les mouvements et exercices physiques dans le but de renforcer, maintenir ou rétablir les capacités fonctionnelles. La maison medicale Saint Guidon met à votre disposition une équipe multidisciplinaire spécialisée mixte (homme/femme).",
      "img": "/kinesithearpy-2.webp",
      "slug": "kinesitherapie"
    },
    {
      "title": "Psychothérapie ",
      "content": "La psychologie clinique est la science qui traite psychologie individuelle et sociale, normale et pathologique ; elle concerne toutes les tranches d’âge le nouveau-né, l'enfant, l'adolescent, l'homme mûr et enfin les personnes âgées. Le psychologue clinicien remplit 3 grandes fonctions : de diagnostic, de formation, d'expert, apportant le point de vue du psychologue auprès d'autres spécialistes. Le psychothérapeute, contribue au bien être des patients par la solide expérience psychanalytique et son dévouement personnelle.",
      "img": "/psychotherapie.jpeg",
      "slug": "psychotherapie"
    },
    {
      "title": "Nutrition et diététique",
      "content": "La diététique est le socle des règles de l’équilibre alimentaire, elle permet une bonne santé par la connaissance des aliments. La nutrition, quant à elle, est une science qui analyse la composition des aliments, les nutriments et la façon dont ils sont assimilés par le corps puis transformés en énergie. Les deux notions sont donc nécessaires pNOS une compréhension globale de nos besoins alimentaires",
      "img": "/nutrition-2.webp",
      "slug": "nutrition-et-dietetique"
    },
    {
      "title": "Logopédie",
      "content": "Lalogopédie est la science de la communication et du langage au sens large du terme. ",
      "img": "/speech-1.jpg",
      "slug": "logopedie"
    },
    {
      "title": "Autres spécialités",
      "content": "Lalogopédie est la science de la communication et du langage au sens large du terme. ",
      "img": "/speech-1.jpg",
      "slug": "logopedie"
    }
  ],
  "m-generale": {
    "title": "LA MEDECINE GENERALE,",
    "soustitle": "C'EST QUOI ?",
    "desc": "La médecine générale est une spécialité médicale qui assure le suivi des patients et leurs soins médicaux généraux primaires. Le médecin généraliste (appelé aussi médecin de famille) est le plus souvent consulté pour diagnostiquer une maladie avant de la traiter ou de rediriger le patient vers un autre spécialiste.",
    "infos-title": "INFOS PRATIQUE",
    "infos": "La Maison médicale met à la disposition de ses patients inscrits, plusieurs médecins généralistes disponibles sur rendez-vous aux heures d'ouvertures.",
    "Horaire-title": "HORAIRES",
    "horaire-1": "À la maison médicale sur rendez-vous aux heures d’ouvertures",
    "horaire-2": "Visite à domicile sur rendez-vous"
  },
  "infirmier": {
    "title": "LES SOINS INFERMIERS,",
    "soustitle": "C'EST QUOI ?",
    "desc": "Les soins infirmiers sont les soins accordés aux individus de tous âges, malades ou bien-portants. Ils se concentrent sur la promotion de la santé, la prévention de la maladie et les soins dispensés aux malades. Ils englobent aussi d’autres domaines comme la recherche, l’éducation à la santé et la gestion des systèmes de santé des patients. ",
    "infos-title": "ACTIVITES",
    "activite-1": "Les soins courants",
    "activite-2": "Les soins spécifiques",
    "activite-3": "Les soins infirmiers à domicile",
    "activite-4": "Autres soins infirmiers",
    "Horaire-title": "HORAIRES",
    "horaire-1": "Sur rendez-vous"
  },
  "prelevements": {
    "title": "PRÉLÈVEMENTS,",
    "soustitle": "C'EST QUOI?",
    "desc": "Notre centre de prélèvements permet de faire toutes sortes de prélèvements:",
    "desc-1": "Frottis",
    "desc-2": "Prises de sang",
    "desc-3": "PCR Covid-19",
    "desc-4": "Dépistage des allergies",
    "desc-5": "Test de tolérance au lactose ",
    "desc-6": "Échantillons d'urines, de selles, de sperme, …",
    "desc-7": "Dépistage des maladies sexuellement transmissibles",
    "desc-8": "Autres ...",
    "infos-title": "INFOS PRATIQUE",
    "infos": "Pour pouvoir faire un prélèvement, il faut se munir d'une demande émanant d'un médecin",
    "Horaire-title": "HORAIRES",
    "horaire-1": "À la maison médicale sur rendez-vous aux heures d’ouvertures",
    "horaire-2": "Visite à domicile sur rendez-vous"
  },
  "kine": {
    "title": "LA KINESITHERAPIE,",
    "soustitle": "C'EST QUOI ?",
    "desc": "La kinésithérapie est une discipline paramédicale qui utilise les massages, les mouvements et exercices physiques dans le but de renforcer, maintenir ou rétablir les capacités fonctionnelles. La maison medicale Jubilé met à votre disposition une équipe multidisciplinaire spécialisée mixte (homme/femme).",
    "infos-title": "ACTIVITES",
    "activite-1": "Revalidation après une opération",
    "activite-2": "Service à domicile pour les patients incapables de se déplacer",
    "activite-3": "Thérapie post-natale",
    "activite-4": "Autres ...",
    "Horaire-title": "HORAIRES",
    "horaire-1": "Sur rendez-vous"
  },
  "psy": {
    "title": "LA PSYCHOLOGIE CLINIQUE,",
    "soustitle": "C'EST QUOI ?",
    "desc": "La psychologie clinique est la science qui traite psychologie individuelle et sociale, normale et pathologique ; elle concerne toutes les tranches d’âge le nouveau-né, l'enfant, l'adolescent, l'homme mûr et enfin les personnes âgées. Le psychologue clinicien remplit 3 grandes fonctions : de diagnostic, de formation, d'expert, apportant le point de vue du psychologue auprès d'autres spécialistes. Le psychothérapeute, contribue au bien être des patients par la solide expérience psychanalytique et son dévouement personnelle.",
    "infos-title": "PAIMENT",
    "infos": "Les soins de psychothérapie ne sont pas inclus dans le forfait, les patients de la maison médicale ont un tarif préférentiel.",
    "Horaire-title": "HORAIRES",
    "horaire-1": "À la maison médicale sur rendez-vous aux heures d’ouvertures"
  },
  "nutrition": {
    "title": "LA NUTRITION ET LA DIETETIQUE,",
    "soustitle": "C'EST QUOI ?",
    "desc": " La diététique est le socle des règles de l’équilibre alimentaire, elle permet une bonne santé par la connaissance des aliments. La nutrition, quant à elle, est une science qui analyse la composition des aliments, les nutriments et la façon dont ils sont assimilés par le corps puis transformés en énergie. Les deux notions sont donc nécessaires pour une compréhension globale de nos besoins alimentaires",
    "infos-title": "PAIMENT",
    "infos": "Les soins de psychothérapie ne sont pas inclus dans le forfait, les patients de la maison médicale ont un tarif préférentiel.",
    "Horaire-title": "HORAIRES",
    "horaire-1": "À la maison médicale sur rendez-vous aux heures d’ouvertures"
  },
  "logopedie": {
    "title": "LA LOGOPEDIE,",
    "soustitle": "C'EST QUOI?",
    "desc": "La logopédie est la science de la communication et du langage au sens large du terme.",
    "desc-": "Ses domaines de spécialisation sont vastes et nombreux : ",
    "desc-1": "toutes les pathologies du langage oral, de la voix, ",
    "desc-2": "toutes les pathologies du langage écrit, ",
    "desc-3": "toutes les pathologies des troubles logico-mathématiques, ",
    "desc-4": "toutes les pathologies de la déglutition et des ",
    "desc-5": "toutes les pathologies troubles cognitifs, ",
    "desc--": "Quelle que soit leur origine, chez l’enfant, l’adolescent, l’adulte et la personne âgée. ",
    "desc---": "L'intervention du logopède s'inscrit dans une démarche de préventionet d'évaluation pour les troubles cités préalablement. Il a également pour mission de développer, de restaurer et/ou de préserver les compétences communicationnelles de patients qui lui sont confiés.",
    "desc----": "Pour ce faire, il prend en compte le contexte de vie et la demande du patient. Il s'appuie également sur des données scientifiques en faisant preuve de respect, de bienveillance et d'empathie, valeurs professionnelles fondamentales.",
    "infos-title": "INFOS PRATIQUE",
    "infos": "Pour pouvoir faire un prélèvement, il faut se munir d'une demande émanant d'un médecin",
    "Horaire-title": "HORAIRES",
    "horaire-1": "À la maison médicale sur rendez-vous aux heures d’ouvertures",
    "horaire-2": "Visite à domicile sur rendez-vous"
  },
  "autres-soins": {
    "title": "AUTRES",
    "soustitle": "SOINS"
  },

  "contact": {
    "contact": "CONTACT",
    "title": "CONTACTEZ",
    "soustitle": "NOUS",

    "horaire-title": "Horaire d’ouverture ",
    "horaire": "De 08h30 à 18h",
    "media": "Réseaux sociaux",
    
    "form-nom": "Nom",
    "form-prenom": "Prénom",
    "form-tel": "Numéro de téléphone",
    "form-email": "Email",
    "form-message": "Votre message",
    "form-adress": "Adresse",
    "form-btn": "ENVOYER"
  },



















  "infos": [
    {
      "title": "À Propos De Nous",
      "content": "Toute l’équipe de la Maison Médicale Saint Guidon veille à répondre au mieux à vos instances et à vos besoins.",
      "btn": "En Savoir Plus",
      "slug": ""
    },
    {
      "title": "Jobs & Stages",
      "content": "Au service de ses patients, la maison médicale Saint Guidon est continuellement à la recherche de nouveaux profils.",
      "btn": "Candidature",
      "slug": ""
    },
    {
      "title": "L'Équipe",
      "content": "Une équipe médicale pluridisciplinaire afin de permettre une prise en charge global du patient.",
      "btn": "En Savoir Plus",
      "slug": ""
    },
    {
      "title": "CPAS",
      "content": "La Maison Médicale Saint Guidon est conventionnée avec le service du CPAS de Molenbeek-Saint-Jean.",
      "btn": "En Savoir Plus",
      "slug": ""
    }
  ],
  "blog": [
    {
      "title": "Les nouveautés santé en 2024 !",
      "date": "juin 21, 2023 à 08:12",
      "cat": "Actualite",
      "content": "Antibiotiques sans ordonnance, préservatifs féminins remboursés, médicaments à l'unité... Plusieurs mesures de santé vont être effectives à partir du 1er janvier 2024.",
      "st-1": "La vente de médicaments à l'unité",
      "c-st-1": "En cas de rupture d'approvisionnement, les pharmaciens devront délivrer les médicaments à l'unité. Cette mesure a été prise dans le but d'éviter les pénuries de stock vécues l'hiver dernier. Les officines devront donner la quantité adaptée aux patients et éviter que les comprimés non terminés finissent par périmer dans nos armoires.",
      "st-2": "Des antibiotiques sans ordonnance",
      "c-st-2": "Autre nouveauté en pharmacie. En cas d'angines ou de cystites, les pharmaciens pourront délivrer des antibiotiques, qui jusque-là étaient uniquement prescrits par ordonnance. Ils devront réaliser un test au préalable (TROD) pour s'assurer qu'il y a bien une origine bactérienne. Cet élargissement des compétences viserait à répondre à la difficulté des Francáis de trouver un médecin. Elle est cependant contestée par un grand nombre de médecins qui la qualifient de ''cache-misère'' (une cystite nécessite parfois un examen clinique), car elle est une façon de ''déjouer'' le problème (la difficulté des recruter des praticiens) au prix de la qualité des soins. ",
      "st-3": "Fin du jour de carence après une fausse couche",
      "c-st-3": "À partir du 1er janvier 2024, les femmes en arrêt maladie après une fausse couche n'auront plus de retenue sur leur salaire. Les indemnités journalières seront versées dès le premier jour de l'arrêt, visant ainsi à mieux les accompagner après cette épreuve. En France, environ 200 000 femmes par an sont concernées. ",
      "st-4": "Des arrêts maladies limités",
      "c-st-4": "Pour lutter contre l'augmentation des dépenses liée aux arrêts maladies, le gouvernement a limité à trois jours la durée des arrêts prescrits par téléconsultation (sauf s'il s'agit de votre médecin traitant). Il était allé encore plus loin dans sa démarche en autorisant le médecin contrôleur mandaté par l'entreprise à suspendre le versement des indemnités, s'il jugeait l'arrêt injustifié, mais le Conseil constitutionnel a heureusement censuré cette mesure, jugée par plusieurs syndicats de généralistes, comme un 'flicage inacceptable'. En rendant l'employeur à la fois juge et 'partie', elle portait un coup à l'un des principes de base de notre santé publique, la solidarité (toute personne incapable de travailer, en raison de son état physique ou mental, a le droit d'obtenir de la collectivité des moyens convenables d'existence). Et puis dans un contexte de pénurie de médecins, il est clair que l'organisation de contre-visites n'est clairement pas appréciée...",
      "st-5": "Le covoiturage médical",
      "c-st-5": "Toujours dans le but de faire des économies, le transport médical des patients (véhicule sanitaire léger ou taxis conventionnés) sera désormais collectif ! Celui qui refusera le covoiturage, sans raison valable, devra avancer les frais et sera remboursé sur la base du prix d'un voyage partagé. ",
      "st-6": "La gratuité des préservatifs féminins",
      "c-st-6": "Parlons dépenses maintenant ! La Sécu prévoit également de consacrer une partie de son budget à la prévention (très utile à l'heure de faire des économies sur le long terme).  Après les préservatifs masculins l'an dernier, c'est enfin au tour des préservatifs féminins d'avoir droit à la gratuité. Ils seront entièrement pris en charge par la Sécu pour les moins de 26 ans à partir du 1er janvier. Une mesure qui s'inscrit dans une stratégie de prévention des maladies sexuellement transmissibles.  ",
      "st-7": "Un remboursement partiel des coupes et des culottes menstruelles",
      "c-st-7": "Les protections périodiques réutilisables seront désormais prises en charge par la Sécu pour les moins de 26 ans et les bénéficiaires de la complémentaire santé solidaire en 2024. Il faudra cependant patienter jusqu'à la parution d'une liste des modèles éligibles au remboursement. ",
      "st-8": "Cannabis thérapeutique ",
      "c-st-8": "Le budget 2024 de la Sécurité sociale accorde 'un statut temporaire' de cinq ans au cannabis thérapeutique (traitements des douleurs et de l'anxiété). Il est déjà autorisé dans plusieurs pays européens. ",
      "slug": "",
      "img": "/blog-img-1.jpg"
    },
    {
      "title": "Les nouveautés santé en 2024 !",
      "date": "juin 21, 2023 à 08:12",
      "cat": "Actualite",
      "content": "Antibiotiques sans ordonnance, préservatifs féminins remboursés, médicaments à l'unité... Plusieurs mesures de santé vont être effectives à partir du 1er janvier 2024.",
      "st-1": "La vente de médicaments à l'unité",
      "c-st-1": "En cas de rupture d'approvisionnement, les pharmaciens devront délivrer les médicaments à l'unité. Cette mesure a été prise dans le but d'éviter les pénuries de stock vécues l'hiver dernier. Les officines devront donner la quantité adaptée aux patients et éviter que les comprimés non terminés finissent par périmer dans nos armoires.",
      "st-2": "Des antibiotiques sans ordonnance",
      "c-st-2": "Autre nouveauté en pharmacie. En cas d'angines ou de cystites, les pharmaciens pourront délivrer des antibiotiques, qui jusque-là étaient uniquement prescrits par ordonnance. Ils devront réaliser un test au préalable (TROD) pour s'assurer qu'il y a bien une origine bactérienne. Cet élargissement des compétences viserait à répondre à la difficulté des Francáis de trouver un médecin. Elle est cependant contestée par un grand nombre de médecins qui la qualifient de ''cache-misère'' (une cystite nécessite parfois un examen clinique), car elle est une façon de ''déjouer'' le problème (la difficulté des recruter des praticiens) au prix de la qualité des soins. ",
      "st-3": "Fin du jour de carence après une fausse couche",
      "c-st-3": "À partir du 1er janvier 2024, les femmes en arrêt maladie après une fausse couche n'auront plus de retenue sur leur salaire. Les indemnités journalières seront versées dès le premier jour de l'arrêt, visant ainsi à mieux les accompagner après cette épreuve. En France, environ 200 000 femmes par an sont concernées. ",
      "st-4": "Des arrêts maladies limités",
      "c-st-4": "Pour lutter contre l'augmentation des dépenses liée aux arrêts maladies, le gouvernement a limité à trois jours la durée des arrêts prescrits par téléconsultation (sauf s'il s'agit de votre médecin traitant). Il était allé encore plus loin dans sa démarche en autorisant le médecin contrôleur mandaté par l'entreprise à suspendre le versement des indemnités, s'il jugeait l'arrêt injustifié, mais le Conseil constitutionnel a heureusement censuré cette mesure, jugée par plusieurs syndicats de généralistes, comme un 'flicage inacceptable'. En rendant l'employeur à la fois juge et 'partie', elle portait un coup à l'un des principes de base de notre santé publique, la solidarité (toute personne incapable de travailer, en raison de son état physique ou mental, a le droit d'obtenir de la collectivité des moyens convenables d'existence). Et puis dans un contexte de pénurie de médecins, il est clair que l'organisation de contre-visites n'est clairement pas appréciée...",
      "st-5": "Le covoiturage médical",
      "c-st-5": "Toujours dans le but de faire des économies, le transport médical des patients (véhicule sanitaire léger ou taxis conventionnés) sera désormais collectif ! Celui qui refusera le covoiturage, sans raison valable, devra avancer les frais et sera remboursé sur la base du prix d'un voyage partagé. ",
      "st-6": "La gratuité des préservatifs féminins",
      "c-st-6": "Parlons dépenses maintenant ! La Sécu prévoit également de consacrer une partie de son budget à la prévention (très utile à l'heure de faire des économies sur le long terme).  Après les préservatifs masculins l'an dernier, c'est enfin au tour des préservatifs féminins d'avoir droit à la gratuité. Ils seront entièrement pris en charge par la Sécu pour les moins de 26 ans à partir du 1er janvier. Une mesure qui s'inscrit dans une stratégie de prévention des maladies sexuellement transmissibles.  ",
      "st-7": "Un remboursement partiel des coupes et des culottes menstruelles",
      "c-st-7": "Les protections périodiques réutilisables seront désormais prises en charge par la Sécu pour les moins de 26 ans et les bénéficiaires de la complémentaire santé solidaire en 2024. Il faudra cependant patienter jusqu'à la parution d'une liste des modèles éligibles au remboursement. ",
      "st-8": "Cannabis thérapeutique ",
      "c-st-8": "Le budget 2024 de la Sécurité sociale accorde 'un statut temporaire' de cinq ans au cannabis thérapeutique (traitements des douleurs et de l'anxiété). Il est déjà autorisé dans plusieurs pays européens. ",
      "slug": "",
      "img": "/blog-img-5.jpg"
    },
    {
      "title": "Les nouveautés santé en 2024 !",
      "date": "juin 21, 2023 à 08:12",
      "cat": "Actualite",
      "content": "Antibiotiques sans ordonnance, préservatifs féminins remboursés, médicaments à l'unité... Plusieurs mesures de santé vont être effectives à partir du 1er janvier 2024.",
      "st-1": "La vente de médicaments à l'unité",
      "c-st-1": "En cas de rupture d'approvisionnement, les pharmaciens devront délivrer les médicaments à l'unité. Cette mesure a été prise dans le but d'éviter les pénuries de stock vécues l'hiver dernier. Les officines devront donner la quantité adaptée aux patients et éviter que les comprimés non terminés finissent par périmer dans nos armoires.",
      "st-2": "Des antibiotiques sans ordonnance",
      "c-st-2": "Autre nouveauté en pharmacie. En cas d'angines ou de cystites, les pharmaciens pourront délivrer des antibiotiques, qui jusque-là étaient uniquement prescrits par ordonnance. Ils devront réaliser un test au préalable (TROD) pour s'assurer qu'il y a bien une origine bactérienne. Cet élargissement des compétences viserait à répondre à la difficulté des Francáis de trouver un médecin. Elle est cependant contestée par un grand nombre de médecins qui la qualifient de ''cache-misère'' (une cystite nécessite parfois un examen clinique), car elle est une façon de ''déjouer'' le problème (la difficulté des recruter des praticiens) au prix de la qualité des soins. ",
      "st-3": "Fin du jour de carence après une fausse couche",
      "c-st-3": "À partir du 1er janvier 2024, les femmes en arrêt maladie après une fausse couche n'auront plus de retenue sur leur salaire. Les indemnités journalières seront versées dès le premier jour de l'arrêt, visant ainsi à mieux les accompagner après cette épreuve. En France, environ 200 000 femmes par an sont concernées. ",
      "st-4": "Des arrêts maladies limités",
      "c-st-4": "Pour lutter contre l'augmentation des dépenses liée aux arrêts maladies, le gouvernement a limité à trois jours la durée des arrêts prescrits par téléconsultation (sauf s'il s'agit de votre médecin traitant). Il était allé encore plus loin dans sa démarche en autorisant le médecin contrôleur mandaté par l'entreprise à suspendre le versement des indemnités, s'il jugeait l'arrêt injustifié, mais le Conseil constitutionnel a heureusement censuré cette mesure, jugée par plusieurs syndicats de généralistes, comme un 'flicage inacceptable'. En rendant l'employeur à la fois juge et 'partie', elle portait un coup à l'un des principes de base de notre santé publique, la solidarité (toute personne incapable de travailer, en raison de son état physique ou mental, a le droit d'obtenir de la collectivité des moyens convenables d'existence). Et puis dans un contexte de pénurie de médecins, il est clair que l'organisation de contre-visites n'est clairement pas appréciée...",
      "st-5": "Le covoiturage médical",
      "c-st-5": "Toujours dans le but de faire des économies, le transport médical des patients (véhicule sanitaire léger ou taxis conventionnés) sera désormais collectif ! Celui qui refusera le covoiturage, sans raison valable, devra avancer les frais et sera remboursé sur la base du prix d'un voyage partagé. ",
      "st-6": "La gratuité des préservatifs féminins",
      "c-st-6": "Parlons dépenses maintenant ! La Sécu prévoit également de consacrer une partie de son budget à la prévention (très utile à l'heure de faire des économies sur le long terme).  Après les préservatifs masculins l'an dernier, c'est enfin au tour des préservatifs féminins d'avoir droit à la gratuité. Ils seront entièrement pris en charge par la Sécu pour les moins de 26 ans à partir du 1er janvier. Une mesure qui s'inscrit dans une stratégie de prévention des maladies sexuellement transmissibles.  ",
      "st-7": "Un remboursement partiel des coupes et des culottes menstruelles",
      "c-st-7": "Les protections périodiques réutilisables seront désormais prises en charge par la Sécu pour les moins de 26 ans et les bénéficiaires de la complémentaire santé solidaire en 2024. Il faudra cependant patienter jusqu'à la parution d'une liste des modèles éligibles au remboursement. ",
      "st-8": "Cannabis thérapeutique ",
      "c-st-8": "Le budget 2024 de la Sécurité sociale accorde 'un statut temporaire' de cinq ans au cannabis thérapeutique (traitements des douleurs et de l'anxiété). Il est déjà autorisé dans plusieurs pays européens. ",
      "slug": "",
      "img": "/blog-img-3.jpg"
    },
    {
      "title": "Les nouveautés santé en 2024 !",
      "date": "juin 21, 2023 à 08:12",
      "cat": "Actualite",
      "content": "Antibiotiques sans ordonnance, préservatifs féminins remboursés, médicaments à l'unité... Plusieurs mesures de santé vont être effectives à partir du 1er janvier 2024.",
      "st-1": "La vente de médicaments à l'unité",
      "c-st-1": "En cas de rupture d'approvisionnement, les pharmaciens devront délivrer les médicaments à l'unité. Cette mesure a été prise dans le but d'éviter les pénuries de stock vécues l'hiver dernier. Les officines devront donner la quantité adaptée aux patients et éviter que les comprimés non terminés finissent par périmer dans nos armoires.",
      "st-2": "Des antibiotiques sans ordonnance",
      "c-st-2": "Autre nouveauté en pharmacie. En cas d'angines ou de cystites, les pharmaciens pourront délivrer des antibiotiques, qui jusque-là étaient uniquement prescrits par ordonnance. Ils devront réaliser un test au préalable (TROD) pour s'assurer qu'il y a bien une origine bactérienne. Cet élargissement des compétences viserait à répondre à la difficulté des Francáis de trouver un médecin. Elle est cependant contestée par un grand nombre de médecins qui la qualifient de ''cache-misère'' (une cystite nécessite parfois un examen clinique), car elle est une façon de ''déjouer'' le problème (la difficulté des recruter des praticiens) au prix de la qualité des soins. ",
      "st-3": "Fin du jour de carence après une fausse couche",
      "c-st-3": "À partir du 1er janvier 2024, les femmes en arrêt maladie après une fausse couche n'auront plus de retenue sur leur salaire. Les indemnités journalières seront versées dès le premier jour de l'arrêt, visant ainsi à mieux les accompagner après cette épreuve. En France, environ 200 000 femmes par an sont concernées. ",
      "st-4": "Des arrêts maladies limités",
      "c-st-4": "Pour lutter contre l'augmentation des dépenses liée aux arrêts maladies, le gouvernement a limité à trois jours la durée des arrêts prescrits par téléconsultation (sauf s'il s'agit de votre médecin traitant). Il était allé encore plus loin dans sa démarche en autorisant le médecin contrôleur mandaté par l'entreprise à suspendre le versement des indemnités, s'il jugeait l'arrêt injustifié, mais le Conseil constitutionnel a heureusement censuré cette mesure, jugée par plusieurs syndicats de généralistes, comme un 'flicage inacceptable'. En rendant l'employeur à la fois juge et 'partie', elle portait un coup à l'un des principes de base de notre santé publique, la solidarité (toute personne incapable de travailer, en raison de son état physique ou mental, a le droit d'obtenir de la collectivité des moyens convenables d'existence). Et puis dans un contexte de pénurie de médecins, il est clair que l'organisation de contre-visites n'est clairement pas appréciée...",
      "st-5": "Le covoiturage médical",
      "c-st-5": "Toujours dans le but de faire des économies, le transport médical des patients (véhicule sanitaire léger ou taxis conventionnés) sera désormais collectif ! Celui qui refusera le covoiturage, sans raison valable, devra avancer les frais et sera remboursé sur la base du prix d'un voyage partagé. ",
      "st-6": "La gratuité des préservatifs féminins",
      "c-st-6": "Parlons dépenses maintenant ! La Sécu prévoit également de consacrer une partie de son budget à la prévention (très utile à l'heure de faire des économies sur le long terme).  Après les préservatifs masculins l'an dernier, c'est enfin au tour des préservatifs féminins d'avoir droit à la gratuité. Ils seront entièrement pris en charge par la Sécu pour les moins de 26 ans à partir du 1er janvier. Une mesure qui s'inscrit dans une stratégie de prévention des maladies sexuellement transmissibles.  ",
      "st-7": "Un remboursement partiel des coupes et des culottes menstruelles",
      "c-st-7": "Les protections périodiques réutilisables seront désormais prises en charge par la Sécu pour les moins de 26 ans et les bénéficiaires de la complémentaire santé solidaire en 2024. Il faudra cependant patienter jusqu'à la parution d'une liste des modèles éligibles au remboursement. ",
      "st-8": "Cannabis thérapeutique ",
      "c-st-8": "Le budget 2024 de la Sécurité sociale accorde 'un statut temporaire' de cinq ans au cannabis thérapeutique (traitements des douleurs et de l'anxiété). Il est déjà autorisé dans plusieurs pays européens. ",
      "slug": "",
      "img": "/blog-img-4.jpg"
    },
    {
      "title": "Les nouveautés santé en 2024 !",
      "date": "juin 21, 2023 à 08:12",
      "cat": "Actualite",
      "content": "Antibiotiques sans ordonnance, préservatifs féminins remboursés, médicaments à l'unité... Plusieurs mesures de santé vont être effectives à partir du 1er janvier 2024.",
      "st-1": "La vente de médicaments à l'unité",
      "c-st-1": "En cas de rupture d'approvisionnement, les pharmaciens devront délivrer les médicaments à l'unité. Cette mesure a été prise dans le but d'éviter les pénuries de stock vécues l'hiver dernier. Les officines devront donner la quantité adaptée aux patients et éviter que les comprimés non terminés finissent par périmer dans nos armoires.",
      "st-2": "Des antibiotiques sans ordonnance",
      "c-st-2": "Autre nouveauté en pharmacie. En cas d'angines ou de cystites, les pharmaciens pourront délivrer des antibiotiques, qui jusque-là étaient uniquement prescrits par ordonnance. Ils devront réaliser un test au préalable (TROD) pour s'assurer qu'il y a bien une origine bactérienne. Cet élargissement des compétences viserait à répondre à la difficulté des Francáis de trouver un médecin. Elle est cependant contestée par un grand nombre de médecins qui la qualifient de ''cache-misère'' (une cystite nécessite parfois un examen clinique), car elle est une façon de ''déjouer'' le problème (la difficulté des recruter des praticiens) au prix de la qualité des soins. ",
      "st-3": "Fin du jour de carence après une fausse couche",
      "c-st-3": "À partir du 1er janvier 2024, les femmes en arrêt maladie après une fausse couche n'auront plus de retenue sur leur salaire. Les indemnités journalières seront versées dès le premier jour de l'arrêt, visant ainsi à mieux les accompagner après cette épreuve. En France, environ 200 000 femmes par an sont concernées. ",
      "st-4": "Des arrêts maladies limités",
      "c-st-4": "Pour lutter contre l'augmentation des dépenses liée aux arrêts maladies, le gouvernement a limité à trois jours la durée des arrêts prescrits par téléconsultation (sauf s'il s'agit de votre médecin traitant). Il était allé encore plus loin dans sa démarche en autorisant le médecin contrôleur mandaté par l'entreprise à suspendre le versement des indemnités, s'il jugeait l'arrêt injustifié, mais le Conseil constitutionnel a heureusement censuré cette mesure, jugée par plusieurs syndicats de généralistes, comme un 'flicage inacceptable'. En rendant l'employeur à la fois juge et 'partie', elle portait un coup à l'un des principes de base de notre santé publique, la solidarité (toute personne incapable de travailer, en raison de son état physique ou mental, a le droit d'obtenir de la collectivité des moyens convenables d'existence). Et puis dans un contexte de pénurie de médecins, il est clair que l'organisation de contre-visites n'est clairement pas appréciée...",
      "st-5": "Le covoiturage médical",
      "c-st-5": "Toujours dans le but de faire des économies, le transport médical des patients (véhicule sanitaire léger ou taxis conventionnés) sera désormais collectif ! Celui qui refusera le covoiturage, sans raison valable, devra avancer les frais et sera remboursé sur la base du prix d'un voyage partagé. ",
      "st-6": "La gratuité des préservatifs féminins",
      "c-st-6": "Parlons dépenses maintenant ! La Sécu prévoit également de consacrer une partie de son budget à la prévention (très utile à l'heure de faire des économies sur le long terme).  Après les préservatifs masculins l'an dernier, c'est enfin au tour des préservatifs féminins d'avoir droit à la gratuité. Ils seront entièrement pris en charge par la Sécu pour les moins de 26 ans à partir du 1er janvier. Une mesure qui s'inscrit dans une stratégie de prévention des maladies sexuellement transmissibles.  ",
      "st-7": "Un remboursement partiel des coupes et des culottes menstruelles",
      "c-st-7": "Les protections périodiques réutilisables seront désormais prises en charge par la Sécu pour les moins de 26 ans et les bénéficiaires de la complémentaire santé solidaire en 2024. Il faudra cependant patienter jusqu'à la parution d'une liste des modèles éligibles au remboursement. ",
      "st-8": "Cannabis thérapeutique ",
      "c-st-8": "Le budget 2024 de la Sécurité sociale accorde 'un statut temporaire' de cinq ans au cannabis thérapeutique (traitements des douleurs et de l'anxiété). Il est déjà autorisé dans plusieurs pays européens. ",
      "slug": "",
      "img": "/doctors-bg-1.jpg"
    },
    {
      "title": "Les nouveautés santé en 2024 !",
      "date": "juin 21, 2023 à 08:12",
      "cat": "Actualite",
      "content": "Antibiotiques sans ordonnance, préservatifs féminins remboursés, médicaments à l'unité... Plusieurs mesures de santé vont être effectives à partir du 1er janvier 2024.",
      "st-1": "La vente de médicaments à l'unité",
      "c-st-1": "En cas de rupture d'approvisionnement, les pharmaciens devront délivrer les médicaments à l'unité. Cette mesure a été prise dans le but d'éviter les pénuries de stock vécues l'hiver dernier. Les officines devront donner la quantité adaptée aux patients et éviter que les comprimés non terminés finissent par périmer dans nos armoires.",
      "st-2": "Des antibiotiques sans ordonnance",
      "c-st-2": "Autre nouveauté en pharmacie. En cas d'angines ou de cystites, les pharmaciens pourront délivrer des antibiotiques, qui jusque-là étaient uniquement prescrits par ordonnance. Ils devront réaliser un test au préalable (TROD) pour s'assurer qu'il y a bien une origine bactérienne. Cet élargissement des compétences viserait à répondre à la difficulté des Francáis de trouver un médecin. Elle est cependant contestée par un grand nombre de médecins qui la qualifient de ''cache-misère'' (une cystite nécessite parfois un examen clinique), car elle est une façon de ''déjouer'' le problème (la difficulté des recruter des praticiens) au prix de la qualité des soins. ",
      "st-3": "Fin du jour de carence après une fausse couche",
      "c-st-3": "À partir du 1er janvier 2024, les femmes en arrêt maladie après une fausse couche n'auront plus de retenue sur leur salaire. Les indemnités journalières seront versées dès le premier jour de l'arrêt, visant ainsi à mieux les accompagner après cette épreuve. En France, environ 200 000 femmes par an sont concernées. ",
      "st-4": "Des arrêts maladies limités",
      "c-st-4": "Pour lutter contre l'augmentation des dépenses liée aux arrêts maladies, le gouvernement a limité à trois jours la durée des arrêts prescrits par téléconsultation (sauf s'il s'agit de votre médecin traitant). Il était allé encore plus loin dans sa démarche en autorisant le médecin contrôleur mandaté par l'entreprise à suspendre le versement des indemnités, s'il jugeait l'arrêt injustifié, mais le Conseil constitutionnel a heureusement censuré cette mesure, jugée par plusieurs syndicats de généralistes, comme un 'flicage inacceptable'. En rendant l'employeur à la fois juge et 'partie', elle portait un coup à l'un des principes de base de notre santé publique, la solidarité (toute personne incapable de travailer, en raison de son état physique ou mental, a le droit d'obtenir de la collectivité des moyens convenables d'existence). Et puis dans un contexte de pénurie de médecins, il est clair que l'organisation de contre-visites n'est clairement pas appréciée...",
      "st-5": "Le covoiturage médical",
      "c-st-5": "Toujours dans le but de faire des économies, le transport médical des patients (véhicule sanitaire léger ou taxis conventionnés) sera désormais collectif ! Celui qui refusera le covoiturage, sans raison valable, devra avancer les frais et sera remboursé sur la base du prix d'un voyage partagé. ",
      "st-6": "La gratuité des préservatifs féminins",
      "c-st-6": "Parlons dépenses maintenant ! La Sécu prévoit également de consacrer une partie de son budget à la prévention (très utile à l'heure de faire des économies sur le long terme).  Après les préservatifs masculins l'an dernier, c'est enfin au tour des préservatifs féminins d'avoir droit à la gratuité. Ils seront entièrement pris en charge par la Sécu pour les moins de 26 ans à partir du 1er janvier. Une mesure qui s'inscrit dans une stratégie de prévention des maladies sexuellement transmissibles.  ",
      "st-7": "Un remboursement partiel des coupes et des culottes menstruelles",
      "c-st-7": "Les protections périodiques réutilisables seront désormais prises en charge par la Sécu pour les moins de 26 ans et les bénéficiaires de la complémentaire santé solidaire en 2024. Il faudra cependant patienter jusqu'à la parution d'une liste des modèles éligibles au remboursement. ",
      "st-8": "Cannabis thérapeutique ",
      "c-st-8": "Le budget 2024 de la Sécurité sociale accorde 'un statut temporaire' de cinq ans au cannabis thérapeutique (traitements des douleurs et de l'anxiété). Il est déjà autorisé dans plusieurs pays européens. ",
      "slug": "",
      "img": "/doctors-bg-4.jpg"
    },
    {
      "title": "Les nouveautés santé en 2024 !",
      "date": "juin 21, 2023 à 08:12",
      "cat": "Actualite",
      "content": "Antibiotiques sans ordonnance, préservatifs féminins remboursés, médicaments à l'unité... Plusieurs mesures de santé vont être effectives à partir du 1er janvier 2024.",
      "st-1": "La vente de médicaments à l'unité",
      "c-st-1": "En cas de rupture d'approvisionnement, les pharmaciens devront délivrer les médicaments à l'unité. Cette mesure a été prise dans le but d'éviter les pénuries de stock vécues l'hiver dernier. Les officines devront donner la quantité adaptée aux patients et éviter que les comprimés non terminés finissent par périmer dans nos armoires.",
      "st-2": "Des antibiotiques sans ordonnance",
      "c-st-2": "Autre nouveauté en pharmacie. En cas d'angines ou de cystites, les pharmaciens pourront délivrer des antibiotiques, qui jusque-là étaient uniquement prescrits par ordonnance. Ils devront réaliser un test au préalable (TROD) pour s'assurer qu'il y a bien une origine bactérienne. Cet élargissement des compétences viserait à répondre à la difficulté des Francáis de trouver un médecin. Elle est cependant contestée par un grand nombre de médecins qui la qualifient de ''cache-misère'' (une cystite nécessite parfois un examen clinique), car elle est une façon de ''déjouer'' le problème (la difficulté des recruter des praticiens) au prix de la qualité des soins. ",
      "st-3": "Fin du jour de carence après une fausse couche",
      "c-st-3": "À partir du 1er janvier 2024, les femmes en arrêt maladie après une fausse couche n'auront plus de retenue sur leur salaire. Les indemnités journalières seront versées dès le premier jour de l'arrêt, visant ainsi à mieux les accompagner après cette épreuve. En France, environ 200 000 femmes par an sont concernées. ",
      "st-4": "Des arrêts maladies limités",
      "c-st-4": "Pour lutter contre l'augmentation des dépenses liée aux arrêts maladies, le gouvernement a limité à trois jours la durée des arrêts prescrits par téléconsultation (sauf s'il s'agit de votre médecin traitant). Il était allé encore plus loin dans sa démarche en autorisant le médecin contrôleur mandaté par l'entreprise à suspendre le versement des indemnités, s'il jugeait l'arrêt injustifié, mais le Conseil constitutionnel a heureusement censuré cette mesure, jugée par plusieurs syndicats de généralistes, comme un 'flicage inacceptable'. En rendant l'employeur à la fois juge et 'partie', elle portait un coup à l'un des principes de base de notre santé publique, la solidarité (toute personne incapable de travailer, en raison de son état physique ou mental, a le droit d'obtenir de la collectivité des moyens convenables d'existence). Et puis dans un contexte de pénurie de médecins, il est clair que l'organisation de contre-visites n'est clairement pas appréciée...",
      "st-5": "Le covoiturage médical",
      "c-st-5": "Toujours dans le but de faire des économies, le transport médical des patients (véhicule sanitaire léger ou taxis conventionnés) sera désormais collectif ! Celui qui refusera le covoiturage, sans raison valable, devra avancer les frais et sera remboursé sur la base du prix d'un voyage partagé. ",
      "st-6": "La gratuité des préservatifs féminins",
      "c-st-6": "Parlons dépenses maintenant ! La Sécu prévoit également de consacrer une partie de son budget à la prévention (très utile à l'heure de faire des économies sur le long terme).  Après les préservatifs masculins l'an dernier, c'est enfin au tour des préservatifs féminins d'avoir droit à la gratuité. Ils seront entièrement pris en charge par la Sécu pour les moins de 26 ans à partir du 1er janvier. Une mesure qui s'inscrit dans une stratégie de prévention des maladies sexuellement transmissibles.  ",
      "st-7": "Un remboursement partiel des coupes et des culottes menstruelles",
      "c-st-7": "Les protections périodiques réutilisables seront désormais prises en charge par la Sécu pour les moins de 26 ans et les bénéficiaires de la complémentaire santé solidaire en 2024. Il faudra cependant patienter jusqu'à la parution d'une liste des modèles éligibles au remboursement. ",
      "st-8": "Cannabis thérapeutique ",
      "c-st-8": "Le budget 2024 de la Sécurité sociale accorde 'un statut temporaire' de cinq ans au cannabis thérapeutique (traitements des douleurs et de l'anxiété). Il est déjà autorisé dans plusieurs pays européens. ",
      "slug": "",
      "img": "/blog-img-3.jpg"
    },
    {
      "title": "Les nouveautés santé en 2024 !",
      "date": "juin 21, 2023 à 08:12",
      "cat": "Actualite",
      "content": "Antibiotiques sans ordonnance, préservatifs féminins remboursés, médicaments à l'unité... Plusieurs mesures de santé vont être effectives à partir du 1er janvier 2024.",
      "st-1": "La vente de médicaments à l'unité",
      "c-st-1": "En cas de rupture d'approvisionnement, les pharmaciens devront délivrer les médicaments à l'unité. Cette mesure a été prise dans le but d'éviter les pénuries de stock vécues l'hiver dernier. Les officines devront donner la quantité adaptée aux patients et éviter que les comprimés non terminés finissent par périmer dans nos armoires.",
      "st-2": "Des antibiotiques sans ordonnance",
      "c-st-2": "Autre nouveauté en pharmacie. En cas d'angines ou de cystites, les pharmaciens pourront délivrer des antibiotiques, qui jusque-là étaient uniquement prescrits par ordonnance. Ils devront réaliser un test au préalable (TROD) pour s'assurer qu'il y a bien une origine bactérienne. Cet élargissement des compétences viserait à répondre à la difficulté des Francáis de trouver un médecin. Elle est cependant contestée par un grand nombre de médecins qui la qualifient de ''cache-misère'' (une cystite nécessite parfois un examen clinique), car elle est une façon de ''déjouer'' le problème (la difficulté des recruter des praticiens) au prix de la qualité des soins. ",
      "st-3": "Fin du jour de carence après une fausse couche",
      "c-st-3": "À partir du 1er janvier 2024, les femmes en arrêt maladie après une fausse couche n'auront plus de retenue sur leur salaire. Les indemnités journalières seront versées dès le premier jour de l'arrêt, visant ainsi à mieux les accompagner après cette épreuve. En France, environ 200 000 femmes par an sont concernées. ",
      "st-4": "Des arrêts maladies limités",
      "c-st-4": "Pour lutter contre l'augmentation des dépenses liée aux arrêts maladies, le gouvernement a limité à trois jours la durée des arrêts prescrits par téléconsultation (sauf s'il s'agit de votre médecin traitant). Il était allé encore plus loin dans sa démarche en autorisant le médecin contrôleur mandaté par l'entreprise à suspendre le versement des indemnités, s'il jugeait l'arrêt injustifié, mais le Conseil constitutionnel a heureusement censuré cette mesure, jugée par plusieurs syndicats de généralistes, comme un 'flicage inacceptable'. En rendant l'employeur à la fois juge et 'partie', elle portait un coup à l'un des principes de base de notre santé publique, la solidarité (toute personne incapable de travailer, en raison de son état physique ou mental, a le droit d'obtenir de la collectivité des moyens convenables d'existence). Et puis dans un contexte de pénurie de médecins, il est clair que l'organisation de contre-visites n'est clairement pas appréciée...",
      "st-5": "Le covoiturage médical",
      "c-st-5": "Toujours dans le but de faire des économies, le transport médical des patients (véhicule sanitaire léger ou taxis conventionnés) sera désormais collectif ! Celui qui refusera le covoiturage, sans raison valable, devra avancer les frais et sera remboursé sur la base du prix d'un voyage partagé. ",
      "st-6": "La gratuité des préservatifs féminins",
      "c-st-6": "Parlons dépenses maintenant ! La Sécu prévoit également de consacrer une partie de son budget à la prévention (très utile à l'heure de faire des économies sur le long terme).  Après les préservatifs masculins l'an dernier, c'est enfin au tour des préservatifs féminins d'avoir droit à la gratuité. Ils seront entièrement pris en charge par la Sécu pour les moins de 26 ans à partir du 1er janvier. Une mesure qui s'inscrit dans une stratégie de prévention des maladies sexuellement transmissibles.  ",
      "st-7": "Un remboursement partiel des coupes et des culottes menstruelles",
      "c-st-7": "Les protections périodiques réutilisables seront désormais prises en charge par la Sécu pour les moins de 26 ans et les bénéficiaires de la complémentaire santé solidaire en 2024. Il faudra cependant patienter jusqu'à la parution d'une liste des modèles éligibles au remboursement. ",
      "st-8": "Cannabis thérapeutique ",
      "c-st-8": "Le budget 2024 de la Sécurité sociale accorde 'un statut temporaire' de cinq ans au cannabis thérapeutique (traitements des douleurs et de l'anxiété). Il est déjà autorisé dans plusieurs pays européens. ",
      "slug": "",
      "img": "/blog-img-4.jpg"
    }
  ],
  "footer": {
    "about": "Soucieuse de répondre au mieux à vos demandes et à vos besoins, la Maison Médicale Saint-Guidon met à votre disposition une équipe pluridisciplinaire qui partage cet objectif. Nos spécialistes qualifiés assurent ainsi différents services dans les domaines dits nécessaires.",
    "horaire": "Horaire d’ouverture : De 08h30 à 18h",
    "adress": "187,  RueWayez à 1070 Anderlecht",
    "tel": "+32 2 527 97 90",
    "email": "infos@mmsg.be",

    "mmsg": "La MMSG",
    "li-1": "JOBS ET STAGES",
    "li-2": "SOINS MÉDICAUX",
    "li-3": "ACTUALITÉS",
    "li-4": "ÉQUIPE",
    "li-5": "MMSG",

    "liens": "LIENS UTILES",
    "contact": "CONTACT",
    "faq": "FAQ",
    "cpas": "CPAS",
    "prescription": "PRESCRIPTION",
    "rdv": "RENDEZ-VOUS",

    "copy-right": "© 2024 Copyright Maison Médicale Saint-Guidon - BCE 0547.690.704"
  }
}
