{
  "header": {
    "horaire": "Opening hours: From 08:30 to 18:00"
  },
  "navbar": {
    "0": {
      "title": "CARES",
      "slug": "soins",
      "souscategorie": [
        { "title": "GENERAL MEDICINE", "slug": "medecine-generale" },
        { "title": "NURSING CARE", "slug": "soins-infirmiers" },
        { "title": "SAMPLE COLLECTION", "slug": "prelevements" },
        { "title": "PHYSIOTHERAPY", "slug": "kinesitherapie" },
        { "title": "PSYCHOTHERAPY", "slug": "psychotherapie" },
        {
          "title": "NUTRITION AND DIETETICS",
          "slug": "nutrition-et-dietetique"
        },
        { "title": "SPEECH THERAPY", "slug": "logopedie" },
        { "title": "OTHER SPECIALTIES", "slug": "autres-specialites" }
      ]
    },
    "1": {
      "title": "INFORMATIONS",
      "slug": "informations",
      "souscategorie": [
        { "title": "ABOUT US", "slug": "#a-propos-de-nous" },
        { "title": "OPENING HOURS", "slug": "#horaires" },
        { "title": "PAYMENT", "slug": "#paiment" },
        { "title": "TEAM", "slug": "#equipe" },
        { "title": "CPAS", "slug": "#cpas" },
        { "title": "FAQ", "slug": "#faq" },
        { "title": "USEFUL LINKS", "slug": "#liens-utiles" }
      ]
    }
  },
  "nav-content": {
    "accueil": "HOME",
    "btn-rdv": "SCHEDULE A MEETING"
  },
  "modal": {
    "rdv-title": "APPOINTMENT REQUEST",
    "tel-title": "CONTACT NUMBER",
    "tel-btn": "CALL US",

    "medecins": "Doctors",
    "form-title": "CONTACT FORM",
    "form-nom": "Last Name",
    "form-prenom": "First Name",
    "form-tel": "Phone Number",
    "form-medecin": "Doctor",
    "form-email": "Email",
    "form-date": "Preferred Date/Time",
    "form-message": "Additional Notes (optional)",
    "form-btn": "SEND"
  },
  "modal-validation": {
    "nom": "Name is required",
    "prenom": "First name is required",
    "date": "Date is required",
    "email-valid": "Invalid email",
    "email": "Email is required",
    "message": "Message is required",
    "phone": "Phone number is required",
    "medecins": "You must choose a doctor"
  },
  "Slider": {
    "title": "Medical House",
    "soustitle": "SAINT-GUIDON",
    "content": "The MMSG is a medical house providing you with a multidisciplinary team to best meet your healthcare needs.",
    "title-rdv": "MAKE AN APPOINTMENT",
    "p-rdv": "Make an appointment by phone at 02 627 18 00 or fill out the form on our website.",
    "btn-rdv": "MAKE APPOINTMENT",
    "title-press": "PRESCRIPTION",
    "p-press": "Request a prescription from your doctor's appointment. This service is for patients with chronic treatment only.",
    "btn-press": "PRESCRIPTION"
  },
  "equipe": {
    "title": "Our",
    "soustitle": "care team is here for you"
  },

  "soins-content": {
    "title": "OUR",
    "soustitle": "CARE",
    "desc": "We are here for your care.",
    "soins-title": "Our",
    "soins-soustitle": "Medical Services",
    "soins-desc": "The Maison Médicale Saint-Guidon is composed of a team of general practitioners, nurses, and physiotherapists. Each ensures to provide you with quality care services to ensure your good health.",
    "btn": "Learn more",
    "btn-soins": "SEE ALL SERVICES"
  },
  "infos-content": {
    "title": "OUR",
    "soustitle": "INFORMATIONS",
    "btn": "MORE INFORMATIONS",
    "content": ""
  },
  "blog-content": {
    "title": "OUR",
    "soustitle": "POSTS",
    "btn": "VIEW ALL BLOG POSTS"
  },

  "soins": [
    {
      "title": "General Medicine",
      "content": "General medicine is a medical specialty that provides primary medical care and follow-up for patients. The general practitioner (also called a family doctor) is most often consulted to diagnose a disease before treating it or referring the patient to another specialist.",
      "img": "/general-1.jpg",
      "slug": "general-medicine"
    },
    {
      "title": "Nursing Care",
      "content": "Nursing care is provided to individuals of all ages, whether sick or healthy. It focuses on promoting health, preventing illness, and providing care to the sick. It also encompasses other areas such as research, health education, and patient health system management.",
      "img": "/nursing-1.webp",
      "slug": "nursing-care"
    },
    {
      "title": "Sampling",
      "content": "Our sample collection center allows for all types of sample collections.",
      "img": "/prelevement.webp",
      "slug": "sample-collection"
    },
    {
      "title": "Physiotherapy",
      "content": "Physiotherapy is a paramedical discipline that uses massage, movement, and physical exercises to strengthen, maintain, or restore functional abilities. The Jubilee Medical Center provides a specialized multidisciplinary team with both male and female therapists.",
      "img": "/kinesithearpy-2.webp",
      "slug": "physiotherapy"
    },
    {
      "title": "Psychotherapy",
      "content": "Clinical psychology is the science that deals with individual and social psychology, both normal and pathological. It covers all age groups from newborns, children, adolescents, mature adults, and finally, the elderly. The clinical psychologist performs three main functions: diagnosis, training, and expertise, providing the psychologist's perspective to other specialists. The psychotherapist contributes to the well-being of patients through solid psychoanalytic experience and personal dedication.",
      "img": "/psychotherapie.jpeg",
      "slug": "psychotherapy"
    },
    {
      "title": "Nutrition and Dietetics",
      "content": "Dietetics is the foundation of the principles of balanced nutrition, promoting good health through food knowledge. Nutrition, on the other hand, is a science that analyzes the composition of foods, nutrients, and how they are assimilated by the body and transformed into energy. Both concepts are necessary for a comprehensive understanding of our dietary needs.",
      "img": "/nutrition-2.webp",
      "slug": "nutrition-and-dietetics"
    },
    {
      "title": "Speech Therapy",
      "content": "Speech therapy is the science of communication and language in the broadest sense.",
      "img": "/speech-1.jpg",
      "slug": "speech-therapy"
    }
  ],
  "m-generale": {
    "title": "GENERAL MEDICINE,",
    "soustitle": "WHAT IS IT?",
    "desc": "General medicine is a medical specialty that provides primary care and general medical treatment to patients. The general practitioner (also known as a family doctor) is typically consulted to diagnose an illness before treating it or referring the patient to another specialist.",
    "infos-title": "PRACTICAL INFORMATION",
    "infos": "The Medical Center offers several general practitioners available by appointment during opening hours to its registered patients.",
    "Horaire-title": "HOURS",
    "horaire-1": "At the medical center by appointment during opening hours",
    "horaire-2": "Home visits by appointment"
  },
  "infirmier": {
    "title": "NURSING CARE,",
    "soustitle": "WHAT IS IT?",
    "desc": "Nursing care involves providing care to individuals of all ages, whether they are ill or healthy. It focuses on health promotion, disease prevention, and caring for the sick. Nursing also encompasses other areas such as research, health education, and managing patient healthcare systems.",
    "infos-title": "ACTIVITIES",
    "activite-1": "Routine care",
    "activite-2": "Specialized care",
    "activite-3": "Home nursing care",
    "activite-4": "Other nursing care",
    "Horaire-title": "HOURS",
    "horaire-1": "By appointment"
  },
  "prelevements": {
    "title": "SAMPLE COLLECTION,",
    "soustitle": "WHAT IS IT?",
    "desc": "Our sample collection center offers a wide range of sample collections:",
    "desc-1": "Smear tests",
    "desc-2": "Blood draws",
    "desc-3": "PCR Covid-19 testing",
    "desc-4": "Allergy screening",
    "desc-5": "Lactose tolerance test",
    "desc-6": "Urine, stool, semen samples, etc.",
    "desc-7": "Sexually transmitted disease screening",
    "desc-8": "Others ...",
    "infos-title": "PRACTICAL INFORMATION",
    "infos": "To undergo sample collection, a request from a physician is required.",
    "Horaire-title": "HOURS",
    "horaire-1": "At the medical center by appointment during opening hours",
    "horaire-2": "Home visits by appointment"
  },
  "kine": {
    "title": "PHYSIOTHERAPY",
    "soustitle": "WHAT IS IT?",
    "desc": "Physiotherapy is a paramedical discipline that utilizes massages, movements, and physical exercises to strengthen, maintain, or restore functional abilities. Maison Medicale Jubilé provides a specialized multidisciplinary team available to both men and women.",
    "infos-title": "ACTIVITIES",
    "activite-1": "Rehabilitation after surgery",
    "activite-2": "Home service for patients unable to travel",
    "activite-3": "Post-natal therapy",
    "activite-4": "Others ...",
    "Horaire-title": "HOURS",
    "horaire-1": "By appointment"
  },
  "psy": {
    "title": "CLINICAL PSYCHOLOGY",
    "soustitle": "WHAT IS IT?",
    "desc": "Clinical psychology is the science that deals with individual and social psychology, both normal and pathological; it encompasses all age groups from newborns, children, adolescents, mature adults, to the elderly. The clinical psychologist performs three main functions: diagnosis, training, and expertise, providing the psychologist's perspective to other specialists. The psychotherapist contributes to patients' well-being through solid psychoanalytic experience and personal dedication.",
    "infos-title": "PAYMENT",
    "infos": "Psychotherapy services are not covered by the standard package; patients at the medical center receive a preferential rate.",
    "Horaire-title": "HOURS",
    "horaire-1": "At the medical center by appointment during opening hours"
  },
  "nutrition": {
    "title": "NUTRITION AND DIETETICS",
    "soustitle": "WHAT IS IT?",
    "desc": "Dietetics forms the foundation of balanced dietary rules, promoting good health through knowledge of foods. Nutrition, on the other hand, is a science that analyzes food composition, nutrients, and how they are assimilated by the body and converted into energy. Both concepts are essential for a comprehensive understanding of our dietary needs.",
    "infos-title": "PAYMENT",
    "infos": "Nutritional therapy services are not covered by the standard package; patients at the medical center receive a preferential rate.",
    "Horaire-title": "HOURS",
    "horaire-1": "At the medical center by appointment during opening hours"
  },
  "logopedie": {
    "title": "SPEECH THERAPY",
    "soustitle": "WHAT IS IT?",
    "desc": "Speech therapy is the science of communication and language in the broadest sense.",
    "desc-": "Its areas of specialization are vast and numerous:",
    "desc-1": "All pathologies related to oral language and voice,",
    "desc-2": "All pathologies related to written language,",
    "desc-3": "All pathologies related to logico-mathematical disorders,",
    "desc-4": "All pathologies related to swallowing and",
    "desc-5": "All pathologies related to cognitive disorders,",
    "desc--": "Irrespective of their origin, in children, adolescents, adults, and the elderly.",
    "desc---": "The intervention of the speech therapist involves a preventive and evaluative approach for the aforementioned disorders. They are also tasked with developing, restoring, and/or preserving the communication skills of their patients.",
    "desc----": "To achieve this, they consider the patient's life context and needs. They also rely on scientific data while demonstrating respect, kindness, and empathy, which are fundamental professional values.",
    "infos-title": "PRACTICAL INFORMATION",
    "infos": "To undergo speech therapy, a referral from a physician is required.",
    "Horaire-title": "HOURS",
    "horaire-1": "At the medical center by appointment during opening hours",
    "horaire-2": "Home visits by appointment"
  },
  "autres-soins": {
    "title": "OTHER",
    "soustitle": "TREATMENTS"
  },
  "contact": {
    "contact": "CONTACT",
    "title": "CONTACT",
    "soustitle": "US",

    "horaire-title": "Opening hours",
    "horaire": "From 08:30 to 18:00",
    "media": "Socials",
    
    "form-nom": "Name",
    "form-prenom": "First Name",
    "form-tel": "Phone Number",
    "form-email": "Email",
    "form-message": "Your Message",
    "form-adress": "Address",
    "form-btn": "SEND"
    
    },

  "infos": [
    {
      "title": "About Us",
      "content": "The entire team at Maison Médicale Jubilé strives to best meet your needs and requirements.",
      "btn": "Learn More",
      "slug": ""
    },
    {
      "title": "Jobs & Internships",
      "content": "In service to its patients, Maison Médicale Jubilé is continuously seeking new profiles.",
      "btn": "Apply Now",
      "slug": ""
    },
    {
      "title": "The Team",
      "content": "A multidisciplinary medical team to provide comprehensive patient care.",
      "btn": "Learn More",
      "slug": ""
    },
    {
      "title": "CPAS",
      "content": "Maison Médicale Jubilé is affiliated with the CPAS service of Molenbeek-Saint-Jean.",
      "btn": "Learn More",
      "slug": ""
    }
  ],
  "blog": [
    {
      "title": "Health News in 2024!",
      "date": "juin 21, 2023 à 08:12",
      "cat": "News",
      "content": "Over-the-counter antibiotics, reimbursed female condoms, single-dose medications... Several healthcare measures will take effect starting January 1, 2024.",
      "st-1": "Sale of Single-Dose Medications",
      "c-st-1": "In case of supply shortages, pharmacists will be required to dispense medications in single doses. This measure was taken to avoid stock shortages experienced last winter. Pharmacies will need to provide the appropriate quantity to patients and prevent unfinished tablets from expiring in our cabinets.",
      "st-2": "Over-the-Counter Antibiotics",
      "c-st-2": "Another novelty in pharmacies. In case of sore throats or cystitis, pharmacists will be able to dispense antibiotics, which were previously only available by prescription. They will need to conduct a preliminary test (TROD) to ensure that there is indeed a bacterial origin. This expansion of competencies aims to address the difficulty for French people to find a doctor. However, it is contested by many doctors who consider it a 'quick fix' (cystitis sometimes requires a clinical examination), as it is a way to 'circumvent' the problem (the difficulty of recruiting practitioners) at the expense of the quality of care.",
      "st-3": "End of Waiting Day for Miscarriage",
      "c-st-3": "Starting January 1, 2024, women on sick leave after a miscarriage will no longer have a salary deduction. Daily allowances will be paid from the first day of leave, aiming to better support them after this ordeal. In France, approximately 200,000 women are affected each year.",
      "st-4": "Limiting Sick Leave",
      "c-st-4": "To combat the increase in expenses related to sick leave, the government has limited to three days the duration of sick leave prescribed by teleconsultation (unless it is your attending physician). It had gone even further in its approach by allowing the company's appointed medical controller to suspend the payment of allowances if the leave was deemed unjustified, but the Constitutional Council fortunately censored this measure, considered by several general practitioner unions as an 'unacceptable monitoring'. By making the employer both judge and 'party', it struck a blow to one of the basic principles of our public health, solidarity (anyone unable to work due to their physical or mental condition has the right to obtain suitable means of existence from the community). And in a context of physician shortage, it is clear that organizing counter-visits is clearly not appreciated...",
      "st-5": "Medical Carpooling",
      "c-st-5": "Still aiming to save money, the medical transportation of patients (light medical vehicle or licensed taxis) will now be collective! Anyone who refuses carpooling, without valid reason, will have to pay in advance and will be reimbursed based on the price of a shared trip.",
      "st-6": "Free Female Condoms",
      "c-st-6": "Let's talk about expenses now! The Social Security system also plans to allocate part of its budget to prevention (very useful when it comes to long-term savings). After male condoms last year, it's finally time for female condoms to be provided free of charge. They will be fully covered by Social Security for those under 26 starting January 1. This measure is part of a strategy to prevent sexually transmitted diseases.",
      "st-7": "Partial Reimbursement of Menstrual Cups and Underwear",
      "c-st-7": "Reusable period protections will now be covered by Social Security for those under 26 and beneficiaries of the solidarity health insurance in 2024. However, we will have to wait for the publication of a list of models eligible for reimbursement.",
      "st-8": "Therapeutic Cannabis",
      "c-st-8": "The 2024 Social Security budget grants 'temporary status' for five years to therapeutic cannabis (treatment for pain and anxiety). It is already authorized in several European countries.",
      "slug": "",
      "img": "/blog-img-1.jpg"
    },
    {
      "title": "Health News in 2024!",
      "date": "juin 21, 2023 à 08:12",
      "cat": "News",
      "content": "Over-the-counter antibiotics, reimbursed female condoms, single-dose medications... Several healthcare measures will take effect starting January 1, 2024.",
      "st-1": "Sale of Single-Dose Medications",
      "c-st-1": "In case of supply shortages, pharmacists will be required to dispense medications in single doses. This measure was taken to avoid stock shortages experienced last winter. Pharmacies will need to provide the appropriate quantity to patients and prevent unfinished tablets from expiring in our cabinets.",
      "st-2": "Over-the-Counter Antibiotics",
      "c-st-2": "Another novelty in pharmacies. In case of sore throats or cystitis, pharmacists will be able to dispense antibiotics, which were previously only available by prescription. They will need to conduct a preliminary test (TROD) to ensure that there is indeed a bacterial origin. This expansion of competencies aims to address the difficulty for French people to find a doctor. However, it is contested by many doctors who consider it a 'quick fix' (cystitis sometimes requires a clinical examination), as it is a way to 'circumvent' the problem (the difficulty of recruiting practitioners) at the expense of the quality of care.",
      "st-3": "End of Waiting Day for Miscarriage",
      "c-st-3": "Starting January 1, 2024, women on sick leave after a miscarriage will no longer have a salary deduction. Daily allowances will be paid from the first day of leave, aiming to better support them after this ordeal. In France, approximately 200,000 women are affected each year.",
      "st-4": "Limiting Sick Leave",
      "c-st-4": "To combat the increase in expenses related to sick leave, the government has limited to three days the duration of sick leave prescribed by teleconsultation (unless it is your attending physician). It had gone even further in its approach by allowing the company's appointed medical controller to suspend the payment of allowances if the leave was deemed unjustified, but the Constitutional Council fortunately censored this measure, considered by several general practitioner unions as an 'unacceptable monitoring'. By making the employer both judge and 'party', it struck a blow to one of the basic principles of our public health, solidarity (anyone unable to work due to their physical or mental condition has the right to obtain suitable means of existence from the community). And in a context of physician shortage, it is clear that organizing counter-visits is clearly not appreciated...",
      "st-5": "Medical Carpooling",
      "c-st-5": "Still aiming to save money, the medical transportation of patients (light medical vehicle or licensed taxis) will now be collective! Anyone who refuses carpooling, without valid reason, will have to pay in advance and will be reimbursed based on the price of a shared trip.",
      "st-6": "Free Female Condoms",
      "c-st-6": "Let's talk about expenses now! The Social Security system also plans to allocate part of its budget to prevention (very useful when it comes to long-term savings). After male condoms last year, it's finally time for female condoms to be provided free of charge. They will be fully covered by Social Security for those under 26 starting January 1. This measure is part of a strategy to prevent sexually transmitted diseases.",
      "st-7": "Partial Reimbursement of Menstrual Cups and Underwear",
      "c-st-7": "Reusable period protections will now be covered by Social Security for those under 26 and beneficiaries of the solidarity health insurance in 2024. However, we will have to wait for the publication of a list of models eligible for reimbursement.",
      "st-8": "Therapeutic Cannabis",
      "c-st-8": "The 2024 Social Security budget grants 'temporary status' for five years to therapeutic cannabis (treatment for pain and anxiety). It is already authorized in several European countries.",
      "slug": "",
      "img": "/blog-img-5.jpg"
    },
    {
      "title": "Health News in 2024!",
      "date": "juin 21, 2023 à 08:12",
      "cat": "News",
      "content": "Over-the-counter antibiotics, reimbursed female condoms, single-dose medications... Several healthcare measures will take effect starting January 1, 2024.",
      "st-1": "Sale of Single-Dose Medications",
      "c-st-1": "In case of supply shortages, pharmacists will be required to dispense medications in single doses. This measure was taken to avoid stock shortages experienced last winter. Pharmacies will need to provide the appropriate quantity to patients and prevent unfinished tablets from expiring in our cabinets.",
      "st-2": "Over-the-Counter Antibiotics",
      "c-st-2": "Another novelty in pharmacies. In case of sore throats or cystitis, pharmacists will be able to dispense antibiotics, which were previously only available by prescription. They will need to conduct a preliminary test (TROD) to ensure that there is indeed a bacterial origin. This expansion of competencies aims to address the difficulty for French people to find a doctor. However, it is contested by many doctors who consider it a 'quick fix' (cystitis sometimes requires a clinical examination), as it is a way to 'circumvent' the problem (the difficulty of recruiting practitioners) at the expense of the quality of care.",
      "st-3": "End of Waiting Day for Miscarriage",
      "c-st-3": "Starting January 1, 2024, women on sick leave after a miscarriage will no longer have a salary deduction. Daily allowances will be paid from the first day of leave, aiming to better support them after this ordeal. In France, approximately 200,000 women are affected each year.",
      "st-4": "Limiting Sick Leave",
      "c-st-4": "To combat the increase in expenses related to sick leave, the government has limited to three days the duration of sick leave prescribed by teleconsultation (unless it is your attending physician). It had gone even further in its approach by allowing the company's appointed medical controller to suspend the payment of allowances if the leave was deemed unjustified, but the Constitutional Council fortunately censored this measure, considered by several general practitioner unions as an 'unacceptable monitoring'. By making the employer both judge and 'party', it struck a blow to one of the basic principles of our public health, solidarity (anyone unable to work due to their physical or mental condition has the right to obtain suitable means of existence from the community). And in a context of physician shortage, it is clear that organizing counter-visits is clearly not appreciated...",
      "st-5": "Medical Carpooling",
      "c-st-5": "Still aiming to save money, the medical transportation of patients (light medical vehicle or licensed taxis) will now be collective! Anyone who refuses carpooling, without valid reason, will have to pay in advance and will be reimbursed based on the price of a shared trip.",
      "st-6": "Free Female Condoms",
      "c-st-6": "Let's talk about expenses now! The Social Security system also plans to allocate part of its budget to prevention (very useful when it comes to long-term savings). After male condoms last year, it's finally time for female condoms to be provided free of charge. They will be fully covered by Social Security for those under 26 starting January 1. This measure is part of a strategy to prevent sexually transmitted diseases.",
      "st-7": "Partial Reimbursement of Menstrual Cups and Underwear",
      "c-st-7": "Reusable period protections will now be covered by Social Security for those under 26 and beneficiaries of the solidarity health insurance in 2024. However, we will have to wait for the publication of a list of models eligible for reimbursement.",
      "st-8": "Therapeutic Cannabis",
      "c-st-8": "The 2024 Social Security budget grants 'temporary status' for five years to therapeutic cannabis (treatment for pain and anxiety). It is already authorized in several European countries.",
      "slug": "",
      "img": "/blog-img-3.jpg"
    },
    {
      "title": "Health News in 2024!",
      "date": "juin 21, 2023 à 08:12",
      "cat": "News",
      "content": "Over-the-counter antibiotics, reimbursed female condoms, single-dose medications... Several healthcare measures will take effect starting January 1, 2024.",
      "st-1": "Sale of Single-Dose Medications",
      "c-st-1": "In case of supply shortages, pharmacists will be required to dispense medications in single doses. This measure was taken to avoid stock shortages experienced last winter. Pharmacies will need to provide the appropriate quantity to patients and prevent unfinished tablets from expiring in our cabinets.",
      "st-2": "Over-the-Counter Antibiotics",
      "c-st-2": "Another novelty in pharmacies. In case of sore throats or cystitis, pharmacists will be able to dispense antibiotics, which were previously only available by prescription. They will need to conduct a preliminary test (TROD) to ensure that there is indeed a bacterial origin. This expansion of competencies aims to address the difficulty for French people to find a doctor. However, it is contested by many doctors who consider it a 'quick fix' (cystitis sometimes requires a clinical examination), as it is a way to 'circumvent' the problem (the difficulty of recruiting practitioners) at the expense of the quality of care.",
      "st-3": "End of Waiting Day for Miscarriage",
      "c-st-3": "Starting January 1, 2024, women on sick leave after a miscarriage will no longer have a salary deduction. Daily allowances will be paid from the first day of leave, aiming to better support them after this ordeal. In France, approximately 200,000 women are affected each year.",
      "st-4": "Limiting Sick Leave",
      "c-st-4": "To combat the increase in expenses related to sick leave, the government has limited to three days the duration of sick leave prescribed by teleconsultation (unless it is your attending physician). It had gone even further in its approach by allowing the company's appointed medical controller to suspend the payment of allowances if the leave was deemed unjustified, but the Constitutional Council fortunately censored this measure, considered by several general practitioner unions as an 'unacceptable monitoring'. By making the employer both judge and 'party', it struck a blow to one of the basic principles of our public health, solidarity (anyone unable to work due to their physical or mental condition has the right to obtain suitable means of existence from the community). And in a context of physician shortage, it is clear that organizing counter-visits is clearly not appreciated...",
      "st-5": "Medical Carpooling",
      "c-st-5": "Still aiming to save money, the medical transportation of patients (light medical vehicle or licensed taxis) will now be collective! Anyone who refuses carpooling, without valid reason, will have to pay in advance and will be reimbursed based on the price of a shared trip.",
      "st-6": "Free Female Condoms",
      "c-st-6": "Let's talk about expenses now! The Social Security system also plans to allocate part of its budget to prevention (very useful when it comes to long-term savings). After male condoms last year, it's finally time for female condoms to be provided free of charge. They will be fully covered by Social Security for those under 26 starting January 1. This measure is part of a strategy to prevent sexually transmitted diseases.",
      "st-7": "Partial Reimbursement of Menstrual Cups and Underwear",
      "c-st-7": "Reusable period protections will now be covered by Social Security for those under 26 and beneficiaries of the solidarity health insurance in 2024. However, we will have to wait for the publication of a list of models eligible for reimbursement.",
      "st-8": "Therapeutic Cannabis",
      "c-st-8": "The 2024 Social Security budget grants 'temporary status' for five years to therapeutic cannabis (treatment for pain and anxiety). It is already authorized in several European countries.",
      "slug": "",
      "img": "/blog-img-4.jpg"
    },
    {
      "title": "Health News in 2024!",
      "date": "juin 21, 2023 à 08:12",
      "cat": "News",
      "content": "Over-the-counter antibiotics, reimbursed female condoms, single-dose medications... Several healthcare measures will take effect starting January 1, 2024.",
      "st-1": "Sale of Single-Dose Medications",
      "c-st-1": "In case of supply shortages, pharmacists will be required to dispense medications in single doses. This measure was taken to avoid stock shortages experienced last winter. Pharmacies will need to provide the appropriate quantity to patients and prevent unfinished tablets from expiring in our cabinets.",
      "st-2": "Over-the-Counter Antibiotics",
      "c-st-2": "Another novelty in pharmacies. In case of sore throats or cystitis, pharmacists will be able to dispense antibiotics, which were previously only available by prescription. They will need to conduct a preliminary test (TROD) to ensure that there is indeed a bacterial origin. This expansion of competencies aims to address the difficulty for French people to find a doctor. However, it is contested by many doctors who consider it a 'quick fix' (cystitis sometimes requires a clinical examination), as it is a way to 'circumvent' the problem (the difficulty of recruiting practitioners) at the expense of the quality of care.",
      "st-3": "End of Waiting Day for Miscarriage",
      "c-st-3": "Starting January 1, 2024, women on sick leave after a miscarriage will no longer have a salary deduction. Daily allowances will be paid from the first day of leave, aiming to better support them after this ordeal. In France, approximately 200,000 women are affected each year.",
      "st-4": "Limiting Sick Leave",
      "c-st-4": "To combat the increase in expenses related to sick leave, the government has limited to three days the duration of sick leave prescribed by teleconsultation (unless it is your attending physician). It had gone even further in its approach by allowing the company's appointed medical controller to suspend the payment of allowances if the leave was deemed unjustified, but the Constitutional Council fortunately censored this measure, considered by several general practitioner unions as an 'unacceptable monitoring'. By making the employer both judge and 'party', it struck a blow to one of the basic principles of our public health, solidarity (anyone unable to work due to their physical or mental condition has the right to obtain suitable means of existence from the community). And in a context of physician shortage, it is clear that organizing counter-visits is clearly not appreciated...",
      "st-5": "Medical Carpooling",
      "c-st-5": "Still aiming to save money, the medical transportation of patients (light medical vehicle or licensed taxis) will now be collective! Anyone who refuses carpooling, without valid reason, will have to pay in advance and will be reimbursed based on the price of a shared trip.",
      "st-6": "Free Female Condoms",
      "c-st-6": "Let's talk about expenses now! The Social Security system also plans to allocate part of its budget to prevention (very useful when it comes to long-term savings). After male condoms last year, it's finally time for female condoms to be provided free of charge. They will be fully covered by Social Security for those under 26 starting January 1. This measure is part of a strategy to prevent sexually transmitted diseases.",
      "st-7": "Partial Reimbursement of Menstrual Cups and Underwear",
      "c-st-7": "Reusable period protections will now be covered by Social Security for those under 26 and beneficiaries of the solidarity health insurance in 2024. However, we will have to wait for the publication of a list of models eligible for reimbursement.",
      "st-8": "Therapeutic Cannabis",
      "c-st-8": "The 2024 Social Security budget grants 'temporary status' for five years to therapeutic cannabis (treatment for pain and anxiety). It is already authorized in several European countries.",
      "slug": "",
      "img": "/doctors-bg-1.jpg"
    },
    {
      "title": "Health News in 2024!",
      "date": "juin 21, 2023 à 08:12",
      "cat": "News",
      "content": "Over-the-counter antibiotics, reimbursed female condoms, single-dose medications... Several healthcare measures will take effect starting January 1, 2024.",
      "st-1": "Sale of Single-Dose Medications",
      "c-st-1": "In case of supply shortages, pharmacists will be required to dispense medications in single doses. This measure was taken to avoid stock shortages experienced last winter. Pharmacies will need to provide the appropriate quantity to patients and prevent unfinished tablets from expiring in our cabinets.",
      "st-2": "Over-the-Counter Antibiotics",
      "c-st-2": "Another novelty in pharmacies. In case of sore throats or cystitis, pharmacists will be able to dispense antibiotics, which were previously only available by prescription. They will need to conduct a preliminary test (TROD) to ensure that there is indeed a bacterial origin. This expansion of competencies aims to address the difficulty for French people to find a doctor. However, it is contested by many doctors who consider it a 'quick fix' (cystitis sometimes requires a clinical examination), as it is a way to 'circumvent' the problem (the difficulty of recruiting practitioners) at the expense of the quality of care.",
      "st-3": "End of Waiting Day for Miscarriage",
      "c-st-3": "Starting January 1, 2024, women on sick leave after a miscarriage will no longer have a salary deduction. Daily allowances will be paid from the first day of leave, aiming to better support them after this ordeal. In France, approximately 200,000 women are affected each year.",
      "st-4": "Limiting Sick Leave",
      "c-st-4": "To combat the increase in expenses related to sick leave, the government has limited to three days the duration of sick leave prescribed by teleconsultation (unless it is your attending physician). It had gone even further in its approach by allowing the company's appointed medical controller to suspend the payment of allowances if the leave was deemed unjustified, but the Constitutional Council fortunately censored this measure, considered by several general practitioner unions as an 'unacceptable monitoring'. By making the employer both judge and 'party', it struck a blow to one of the basic principles of our public health, solidarity (anyone unable to work due to their physical or mental condition has the right to obtain suitable means of existence from the community). And in a context of physician shortage, it is clear that organizing counter-visits is clearly not appreciated...",
      "st-5": "Medical Carpooling",
      "c-st-5": "Still aiming to save money, the medical transportation of patients (light medical vehicle or licensed taxis) will now be collective! Anyone who refuses carpooling, without valid reason, will have to pay in advance and will be reimbursed based on the price of a shared trip.",
      "st-6": "Free Female Condoms",
      "c-st-6": "Let's talk about expenses now! The Social Security system also plans to allocate part of its budget to prevention (very useful when it comes to long-term savings). After male condoms last year, it's finally time for female condoms to be provided free of charge. They will be fully covered by Social Security for those under 26 starting January 1. This measure is part of a strategy to prevent sexually transmitted diseases.",
      "st-7": "Partial Reimbursement of Menstrual Cups and Underwear",
      "c-st-7": "Reusable period protections will now be covered by Social Security for those under 26 and beneficiaries of the solidarity health insurance in 2024. However, we will have to wait for the publication of a list of models eligible for reimbursement.",
      "st-8": "Therapeutic Cannabis",
      "c-st-8": "The 2024 Social Security budget grants 'temporary status' for five years to therapeutic cannabis (treatment for pain and anxiety). It is already authorized in several European countries.",
      "slug": "",
      "img": "/doctors-bg-4.jpg"
    },
    {
      "title": "Health News in 2024!",
      "date": "juin 21, 2023 à 08:12",
      "cat": "News",
      "content": "Over-the-counter antibiotics, reimbursed female condoms, single-dose medications... Several healthcare measures will take effect starting January 1, 2024.",
      "st-1": "Sale of Single-Dose Medications",
      "c-st-1": "In case of supply shortages, pharmacists will be required to dispense medications in single doses. This measure was taken to avoid stock shortages experienced last winter. Pharmacies will need to provide the appropriate quantity to patients and prevent unfinished tablets from expiring in our cabinets.",
      "st-2": "Over-the-Counter Antibiotics",
      "c-st-2": "Another novelty in pharmacies. In case of sore throats or cystitis, pharmacists will be able to dispense antibiotics, which were previously only available by prescription. They will need to conduct a preliminary test (TROD) to ensure that there is indeed a bacterial origin. This expansion of competencies aims to address the difficulty for French people to find a doctor. However, it is contested by many doctors who consider it a 'quick fix' (cystitis sometimes requires a clinical examination), as it is a way to 'circumvent' the problem (the difficulty of recruiting practitioners) at the expense of the quality of care.",
      "st-3": "End of Waiting Day for Miscarriage",
      "c-st-3": "Starting January 1, 2024, women on sick leave after a miscarriage will no longer have a salary deduction. Daily allowances will be paid from the first day of leave, aiming to better support them after this ordeal. In France, approximately 200,000 women are affected each year.",
      "st-4": "Limiting Sick Leave",
      "c-st-4": "To combat the increase in expenses related to sick leave, the government has limited to three days the duration of sick leave prescribed by teleconsultation (unless it is your attending physician). It had gone even further in its approach by allowing the company's appointed medical controller to suspend the payment of allowances if the leave was deemed unjustified, but the Constitutional Council fortunately censored this measure, considered by several general practitioner unions as an 'unacceptable monitoring'. By making the employer both judge and 'party', it struck a blow to one of the basic principles of our public health, solidarity (anyone unable to work due to their physical or mental condition has the right to obtain suitable means of existence from the community). And in a context of physician shortage, it is clear that organizing counter-visits is clearly not appreciated...",
      "st-5": "Medical Carpooling",
      "c-st-5": "Still aiming to save money, the medical transportation of patients (light medical vehicle or licensed taxis) will now be collective! Anyone who refuses carpooling, without valid reason, will have to pay in advance and will be reimbursed based on the price of a shared trip.",
      "st-6": "Free Female Condoms",
      "c-st-6": "Let's talk about expenses now! The Social Security system also plans to allocate part of its budget to prevention (very useful when it comes to long-term savings). After male condoms last year, it's finally time for female condoms to be provided free of charge. They will be fully covered by Social Security for those under 26 starting January 1. This measure is part of a strategy to prevent sexually transmitted diseases.",
      "st-7": "Partial Reimbursement of Menstrual Cups and Underwear",
      "c-st-7": "Reusable period protections will now be covered by Social Security for those under 26 and beneficiaries of the solidarity health insurance in 2024. However, we will have to wait for the publication of a list of models eligible for reimbursement.",
      "st-8": "Therapeutic Cannabis",
      "c-st-8": "The 2024 Social Security budget grants 'temporary status' for five years to therapeutic cannabis (treatment for pain and anxiety). It is already authorized in several European countries.",
      "slug": "",
      "img": "/blog-img-3.jpg"
    },
    {
      "title": "Health News in 2024!",
      "date": "juin 21, 2023 à 08:12",
      "cat": "News",
      "content": "Over-the-counter antibiotics, reimbursed female condoms, single-dose medications... Several healthcare measures will take effect starting January 1, 2024.",
      "st-1": "Sale of Single-Dose Medications",
      "c-st-1": "In case of supply shortages, pharmacists will be required to dispense medications in single doses. This measure was taken to avoid stock shortages experienced last winter. Pharmacies will need to provide the appropriate quantity to patients and prevent unfinished tablets from expiring in our cabinets.",
      "st-2": "Over-the-Counter Antibiotics",
      "c-st-2": "Another novelty in pharmacies. In case of sore throats or cystitis, pharmacists will be able to dispense antibiotics, which were previously only available by prescription. They will need to conduct a preliminary test (TROD) to ensure that there is indeed a bacterial origin. This expansion of competencies aims to address the difficulty for French people to find a doctor. However, it is contested by many doctors who consider it a 'quick fix' (cystitis sometimes requires a clinical examination), as it is a way to 'circumvent' the problem (the difficulty of recruiting practitioners) at the expense of the quality of care.",
      "st-3": "End of Waiting Day for Miscarriage",
      "c-st-3": "Starting January 1, 2024, women on sick leave after a miscarriage will no longer have a salary deduction. Daily allowances will be paid from the first day of leave, aiming to better support them after this ordeal. In France, approximately 200,000 women are affected each year.",
      "st-4": "Limiting Sick Leave",
      "c-st-4": "To combat the increase in expenses related to sick leave, the government has limited to three days the duration of sick leave prescribed by teleconsultation (unless it is your attending physician). It had gone even further in its approach by allowing the company's appointed medical controller to suspend the payment of allowances if the leave was deemed unjustified, but the Constitutional Council fortunately censored this measure, considered by several general practitioner unions as an 'unacceptable monitoring'. By making the employer both judge and 'party', it struck a blow to one of the basic principles of our public health, solidarity (anyone unable to work due to their physical or mental condition has the right to obtain suitable means of existence from the community). And in a context of physician shortage, it is clear that organizing counter-visits is clearly not appreciated...",
      "st-5": "Medical Carpooling",
      "c-st-5": "Still aiming to save money, the medical transportation of patients (light medical vehicle or licensed taxis) will now be collective! Anyone who refuses carpooling, without valid reason, will have to pay in advance and will be reimbursed based on the price of a shared trip.",
      "st-6": "Free Female Condoms",
      "c-st-6": "Let's talk about expenses now! The Social Security system also plans to allocate part of its budget to prevention (very useful when it comes to long-term savings). After male condoms last year, it's finally time for female condoms to be provided free of charge. They will be fully covered by Social Security for those under 26 starting January 1. This measure is part of a strategy to prevent sexually transmitted diseases.",
      "st-7": "Partial Reimbursement of Menstrual Cups and Underwear",
      "c-st-7": "Reusable period protections will now be covered by Social Security for those under 26 and beneficiaries of the solidarity health insurance in 2024. However, we will have to wait for the publication of a list of models eligible for reimbursement.",
      "st-8": "Therapeutic Cannabis",
      "c-st-8": "The 2024 Social Security budget grants 'temporary status' for five years to therapeutic cannabis (treatment for pain and anxiety). It is already authorized in several European countries.",
      "slug": "",
      "img": "/blog-img-4.jpg"
    }
  ],
  "footer": {
    "about": "Committed to meeting your demands and needs, Maison Médicale Saint-Guidon provides you with a multidisciplinary team that shares this objective. Our qualified specialists offer various services in necessary domains.",
    "horaire": "Opening hours: From 08:30 to 18:00",
    "address": "187, Rue Wayez, Brussels, Belgium",
    "tel": "+32 2 527 97 90",
    "email": "infos@mmsg.be",

    "mmsg": "MMSG",
    "li-1": "JOBS AND INTERNSHIPS",
    "li-2": "MEDICAL CARE",
    "li-3": "NEWS",
    "li-4": "TEAM",
    "li-5": "MMSG",

    "useful_links": "USEFUL LINKS",
    "contact": "CONTACT",
    "faq": "FAQ",
    "cpas": "CPAS",
    "prescription": "PRESCRIPTION",
    "appointment": "APPOINTMENT",

    "copy_right": "© 2024 Copyright Maison Médicale Saint-Guidon - VAT BE 0547.690.704"
  }
}
